Name,Sequence,IsoelectricPoint,MolecularWeight,Description,YearDiscovered,DiscoveredBy
ECKR,ICEMMRLFRDDYTAAGLWYINRMPGVHQYVCMTRECVEIPQPRKAFKGHATIYSGHMLCMFCPRVLNSPTGEGDDGVAFPHRYYDPPRFTMIATRRVVMLLSMMMLRPKAHKTLCKQTWCTRRYCYCKNRGAGDDMIQEMFVIFHAMLMLS,8.96,14886,Motor,1997,aaron
MCWP,QIMIMHDFQKRVLELWKHIDEPYKECYAIFYSWKQDQVAATVDRHSFTTTYECCHKKACGIDDFMQRVYGLKGIGQLWDIKRDFSFKFNPMESFLFSLHNFFYIQQWPWRRFWPTGALYYPHTDPCTPVPKVHRSWDPQHTWTRFVHATNMEMLGEWSPNLNSDLRCTYYCQD,7.53,17557,Transport,2000,ryan
LWAD,WTREGYFLVHVCYFNFLKPKNWWQRNHIFNEVQSCYRCPQNHVTQVKHSYCYACMVYPCCIDTWDVWNHDKQWHHFYAANKAPPYQYNNCVGAITVKRFQRHVKGWAMSVRYPRFIHNVTRSADCDEHKINWGFRNADQAEEGDDRFVSGLINWEEHSGDKMRETDLAVKHESYLS,7.98,15090,Receptor,1996,scott
PRPG,FPIGSFETNHFCRQVLMVDYCFDQITKSCFEVTQDHAMDWDIMLWLGLAMWGIEPVKDYYNLMIDPHPNLIVSESSRFHYIASKTWIKMCWWPCSFWDQDNMHINYKCIVYWSVINPAMECWNYFMCLLNWWQCSWMQHYEERFEVNPSFYWLAVELISLFRFGRAKLDMIHKPAVSIMFIIPTCAGQEIQDLYCC,4.95,14376,Transport,1992,daniel
VQDB,IESAVIRTNADQTNRFCCPEQYFLSGNWGCWYKFPSKEEVEQGWRWPLLKCGTWWKKECMGDHWDCPDHQRYYPAVLTHYMKGTALNFSNDQRFMRYLPTDKNCIEINTWRSTQVTTM,7.73,13947,Receptor,1975,ryan
ETYZ,CNVRVRKPRHNQSAVTYRGISPSCQFRPNDTRFHCAWTRFCKWGPERMDDICSQRLQSPQAWMYKRMGTVVRVPCDTGIAMIKYFMQGQFFRRPMGYVSFFFSDCHCANYPVEPPKEPEVPERDEWVCRTEWKTGYFGFEGEEHVFTGARRCFTYGMMYQHVVEMWHHQTYYAAKIAFDKRMCAPA,8.74,12757,Enzymatic,1988,scott
OKXS,HEVSNEGRDNDDFCHGVHQETSVLKFFIQLWHFDDDAYRQFKAWKWILIMQKDRAMQHDHMWPFEPLLAEGRQAKEPNVPDNVPCEEKNLWKSFFSTGKTGVICCEEDISWCIHEIWVHVHYHIHSQFQTHGLNGCFSIVANNQFMRQHDWWVMHIKVTIVKTFGLPGRRTNIHVQTRTSFVENY,6.79,19047,Motor,1997,kyle
VDOY,AHEHVNYPEQGPGLFRFINASVQPPTNSFDHNDIHLAGNPTVPYSDCYEMCDKYCANKPNANRNYCKWRNRQQHCTEGYLMDLAYEKECGGHMVFFYMALMQ,6.49,18323,Enzymatic,1997,aaron
WZHR,SMDLTKADFFEMPPMFQSLWFGHWEGHIVHIKSMMSHITNWHGWGFNGYEIGDLRGCEEIDKCCCFWRRTCWYHVEAKLKEALFYRGCLCKNCGYQDNMFTAERRMISKTGMSFDNAKQNEMKTERFLIFRWYTSESHMQMMFFWVGKCTQMSLGCHHTVVYQWSLFYWYGKYAIFY,7.92,10945,Receptor,1995,scott
RGCF,NHILTQKMQFETYQEIFEIPFSAPQKHLQWMFLQGEIGNAVQFSHNVFACHADMSQHSCEWRQIRKEMVVVEDISGNCQDMSLRHKLYLRWPNWNYADPTTQFRCNWPTGCDHAMNKCALAQRWNEDQQTQYLIQERHTEPTRDT,6.5,10316,Signaling,2001,daniel
ENDI,SLESYVVLGARQFVFQANHPSCCYRHAANEIKSEFTAELTQDHRNLVQHWAEGGHKEQPIVYHNKILGEWQPKKHKSDTLHPMCEDDGWNLFKAWGSQIMVMAKKEFTVWTNLDAEQDTGE,6.29,16162,Structural,1991,ryan
PASA,THFDKTFAFVIGHAQHDGAMAKLNQTRWEYNDNYAGHQMDKQLWYYPLTWHSLAACYKWPSSSPTQEIVYVWSTAPRMDHRKRGIQMRWTIWHWHTKSAKMCLYY,9.58,13053,Structural,1981,scott
PHUN,FDFGCLPDMNHRHWGCNQMMSTADIYQWRKPDLVCENDLLWIMHITDDGSDTFPPTNLWQDTNAHEKIMRNVTRPQDMPFPDLQHWLSCHNKQDQRQMVCCPLEFCAKAHMLTCKAETKLPSCCVLMMSFVKMLHAMEMCWVSTSKSR,6.69,10166,Signaling,1989,aaron
JSLD,EQDKGSQIAYQTKGADGMSAGHGPKAIWHKNAVLGVIFIDHGPFHCRWSGMTPHNWYHVGQIAISQWAAAPPNKMVFFQGYKRRYQELGLARPNWVQEYNQAWSMYFNTNDENKHPGVKIAQFLVFAAPFFHSDAYPQHVMNPCQSYNFNK,9.32,10166,Receptor,1982,ryan
RALJ,YFHNIPIYKLARLKTWKHCCPWGMREPQAAKHKIRYPMPKEALNNLWNMEHYNLEAQSRCADYKYMIRLWNVPMYPQCLKHKFSKFEADAMYLILNRVDIASMPNIDIMKFREITIINVEQIWIECHCRSMGAALMVVFNITGMQLMAFRMVAYDLYNIWAVHTYQREVDLLIWTLNCDPKGLVDFGNTAPTLSNIGL,8.64,10861,Transport,1993,daniel
TOAC,NRFHFVPQMHHFEVVHVHFAFSQNKKNECQAGRDCANKRWSIIAYWHRIYNRYRTGSKWRTHRQHAKNPVQGGTEDEEDFNRTEDYIAQWCKPVAQGDMWQEQIMPPNSFRIGDVPMTNLKLTWPPFGSYSNFEGWSGMHCGCFSSDLAQ,8.24,13251,Defense,1988,aaron
RLSP,WRGQWWVTRTRVEDPECEDNVKDQHDCRKVKGQMSGWAGSTYRPYGIGQTNLQQSQWAYPFWENCFMMHQHDYGQRIIGRFWSPTRRVWHITNFNYFYIEPWYVGYKYAFTHMTASNLEDKMSVWMRCEGGKVNGTYSGWIDYDMACQFQSNMQFRRYNSWGFFQEHLHDWGDH,7.56,13542,Defense,1985,ryan
WWOH,YKEYFIQSVMKANLEWGMFWIIHVCFCGIKEGNSPRAQSRNHYPMGKYHSVCPWNINQFACYEGGDWQSCTATMSRKPQWRQVPMRFEFCYPFPTDNLQHICNDYYGRNAYHVTYWVKSELMFLERGRTKYAGYGWDSSFPMDMQLSTTYCKSRWWKK,8.86,12638,Transport,1974,kyle
WCWN,AIAPDTRKYIACSELEWQGEQAIQMYWNHQMLHLSGSCASFLVHLGNMAAHDPFFVVPNEYVDKTLTELDLMQMKTRRSCTERHYISPTSGANSTPGHKAL,6.78,17735,Sensory,1974,daniel
ERJF,YYYWIMWPMGPRHSTIILSWIMISPVCCYDKFFYTHNEQCTMSCQIHQAAEGQCHEIDDLHFTITAHIYGGCCKATWEIELWDWWCGHLKVYNTSDSQHEAYHFFADPDKHCFWVKIVKKFVVQGHNGTWALTCCMILDTAMCYNPCCTCFTSTKAYREEYSYQLWGIFGNVSPKRSACMDYKKDDSAM,6.56,18929,Sensory,1981,ryan
GVHT,HEGSLINPRAELEWWMNADQNQRQWLFPSWTEGTMYEGGNIINSSNWSLKSWRGTRCAYASGYDCVNIEYGPFRTMCQKPMWCDNYDVALPCIGQRLYKSVHLKCACAKDWWIDGYDSRETDHPCNCQSPRESSPCGMYRFNHTMTSQVGWSTEYTVSGNSYCTNMNFHDKKTVMFSKNGQYQGWQHITYCM,7.02,18988,Transport,1999,daniel
FVNE,NWTTQYTMERGFVSWKWVSDFTLYVQVPTSNTRPCALKLGKTKWTYERHDAFYWAQGWWVYNTIYKKEKTAEHHKTCFRARYEFPIYCFYFFFLHHANYEGVIMNPCLECRFSWYVWNPHMGMFNGMWVDSNPTFNIFLAEGVITVWTMIKWGLMVQTISNGKRHYVV,9.09,16054,Motor,1976,scott
IVJV,DTNISELKWSCDFSMCSWWTWAWAYMSYGEMQGKDVQEGNAIKDPSLRWVTWEHKNYNKNIMCKNYSNKFWLISTGHPQNNPAHISAVAAACPCMHEVATAGLCRQGLMDFCSHAPKTNGWTNLMFTENGRIFINPCTQDGL,6.98,14283,Receptor,1978,kyle
GMCM,IWFVDEVKHLRGERCLQEELSLYVQIEDTCLRCLMKALYICCWFEDRPNENAYGNVYFMPVTSDAADPHFLSQSQLMEFDGLRLNINTHFMQWCLHIPFEVQQHSGPDRKGFVIQHSERLYQQSADWREWAYMHDACMPSSVSTQVQHYNFCMNQFALHMIMYDLIALEEDNLQSYLLHATHDNCT,4.85,10265,Motor,1979,daniel
OAUR,DRKEWVSNMYLFQGGDIRGSAHSYPDLISEIWHAKWYCKRAEKCFNYNPQLMWQCPQFKFHQGGIFEESLCELEPPWKCKCHSIPWARSWKEFWFPYDPAWFQDNERMKIWSHAHVKWMMMDIYYYMM,7.46,18203,Structural,1997,aaron
DBDG,KQISGIEVTWMHPNAKNHPDGCCFIRKFDYCQWTAKDWEFDYNAVCTYSNPSVHPQNTQQYMSWFQKWRIGENAVHNDFCCFYRCHGHNFHQLYSKDCGFMVTEPHMYIECY,6.91,16738,Motor,1996,scott
GTOS,NSGARPCEGEWTAMCWMGSSHVTILCISIYHKRPICHEFPHMRAQNNHWGAQWILDYYLTCHSHTQPQNAHGPAGSWTDGNAYRWNPMCQELPTLVWFDAGSQTVMMTNPENPNPDLFKPMNRSSYFWLGYCMNAQPRNCIWILRNSMNQIDNIHEPLRAVPESSALKNHIHLQCPMKPFDASCWPNDPPMCVN,7.05,17131,Enzymatic,1994,daniel
RUEA,PWAMSCFMNSHTVVRWAYQWGSCHHAIDYWPAALRGTNQVRNIHKQETLTFRQQNYMKCSSLPEAGTHYFAYKGTEQTWRPFFNDMPPHNSEWKDLGCHCLWWTSPLVITMSPDANWKRGMRVSYSAADEWRHMKWSWQINSCKLVLPKR,9.28,15907,Signaling,2005,daniel
OPRJ,VFLSCVLGRKNGAEMETWHCVEQHNKRYGADVMVQSMAVMAKHNHFFLKSPLIYYPGRFMWKAAHDPAYTMTWTCGTDVHYLGMQMIPAKGKQGPHKGPEVFMPNWMFPLYCREPGCGPTFAVQIRLLRSTHIPIEYMLHVTAIFDIRMQCCMYKYFEERGRKYPISGTIHMWQTTAIFEKIYPKMSLN,9.18,14243,Enzymatic,2005,scott
JHJH,SDHNEDYKQENSWDKVIYDTGNPCCEWSCHQYMVPLWIDSTVEIHGMGRHYRPGFMIDWVENGWVDNYIRRAPHAHWCSWMIPTLCCCERRFKCLPMGLECPYAQW,5.88,17607,Receptor,1986,daniel
STHL,SHLGPVYFGAGILYQSIFLMWKFIMWYTVQSELTPERATEQRKAYGTGRIEKWHIDPAPWRRFACNVFDAPIWEQTAFKEALSLRDGNGLKAEYDCHLSTHDCRSSPMRMDRIITKQNVAPTQMHPCYRRHIWPTWE,8.63,17732,Enzymatic,1998,scott
ETDM,LSNMYEKSRKTKMAKTKACPDSFYEKGFKVTKEYDHSHNDYNFCAPRPPMCALFQSNDGQWWDNSCQFWNANWRSANHYKLMVYPSRKMHEKRTERVLHSGHTKMRNIWEFFETTCWCGVDPRIWHRRSPRKVNDRTHQFFMPQPMQEVA,9.82,16225,Motor,1984,scott
WTKJ,DARFDCRPDMSHIWPQLASPENTRSLQILIKPHPDFKVKRFWNFCKPWHNRMMMIACAWMYMDFRAAPPRSKIFRGADWCTIRGHYNSEDILRYDAPIKDLVNQGLDYKNARDFTHKSENYEIKMCILIRMKKFFTQPAWSDCDDHGHNPIYDICELKPNRMHLIHIIVVR,8.87,17747,Enzymatic,1982,aaron
OCGL,WAGSMPGRHHQSVYTNPFFPYWINMKDSNICDDLCACFYPRHRKFQWTKCRGMFEAKENAKKVVDNKIFSWASVMITWIEPQCWHWKICCIVKWDLIRGLSGDSQAKFRTDFSTEEQRKQ,8.91,13237,Sensory,1989,kyle
YROI,NAPLVLQNHLHEYHHASCPMYDGLRVFDPIILFWYSIDSQVNYLDAFFTHLFPEWVFCIATDHVRWKRIMKMHHMSCTGAQVQQYSSHVVNCPSISFYIEIMCDTWCQMNPTTHPTTNRERDRLLQYMVTRQGRKPSDLAKISWCEHERMVKWDDELPMIYKGSAHHPWVRFKAPMHCEC,7.37,18916,Signaling,1988,scott
NOFH,EDRLRRVRVTTWFGRKEVWHLWEHGLEAAYLYCTMTVDLYSKIHHGEEISMLKTGHYMNLTYAREWFWSEKNIYMVGWVAEVKEEAQGIDWQRVRTLGNLPHLDDLAMDGARMNETGPSELEGKGCAIWTIVPIEWHGNSVPCRNTFVPEHSMWAIAYTYIKSGYAQDTHGAMAETRQHLKRPMGFGWITT,6.68,13986,Sensory,2003,daniel
HQHD,LINQWHDMKDGPIEGGWDACFHPVKWIHPWYCNQARYHPYLPEEHNAETYLPTVHRPDPVYPYPCDKNCEHHHRFYDILHTDKTQCHNWYQSFSATTKRELWAKINEPQLY,6.73,17393,Structural,1973,scott
WORP,PIEQVMPFRTRMGCWYDAGCVFTGAADGMEFSDRKRMPMTGKFIIQWGHDKNPDRRMYEYIQRTDQHQFTQHHLTGVQWPNTVHFLAVAIHPHPQRLWED,7.71,18830,Structural,1999,scott
EVKM,FRQAKSFGMNFEIQDGKAPDSTNRPTKNGLLSTKQHNPWYFFWSKWHCLCENAAMWVEEPDKVRKYIWASEWNSIRYQIWHGMDCHPSVIIWHNSNPTDFHLDPVHVELKYMSHQTYTTDDFYKEGHAVGGNDSIYDW,6.6,12697,Signaling,1991,kyle
BHVI,ATVDWVALPMMHKVVEDCSIAVGMRMAPFGLAHQGCADIDNCPELHMTIDNDSGRRHQNCVETGRMAEKPEVPMQSCRRFADEIEGERCQTFRCDTGGCYHGCPYNHN,5.48,12463,Signaling,1978,ryan
LHUP,QRPGYAEYKWLHIGWWDEFYKKNYNAVIIHMAHWAELKIQVSQCYFKYYHRDKTHSYSCYRSHDCIAMQMGMSQVSEYAIIRKAGIIKHEGPQLEDQNVHMYKQRIGCTMIASSIACHTSAHDRCFECRSINYKTKICVWRCPTSGVKREVYQCGDPINHDNDRDQRDVYLVHYPSPGEWFPDSTLTPCMTVNLFYRFF,8.21,11350,Motor,2009,aaron
NJPX,LKIGCCPIVGCMLGVQRLWWCSPAFTKWNRRWAHCMNISWTCVPIAYWTERCNKDPWHFHFTGYQGMRDQCKSVRATAKMWFATVTPHEIPFTQCVTRGRHTPLAIINLNYWWALVSLYIMCTPMLSHPNDPMICAVLS,8.78,11532,Transport,2004,kyle
RLTU,SEDEDYIDAAYLPAGGYDCGTLVCPGNAQFNPPAMIYYKPAAVVMETQCLCGMHYEEYLSSHWGWDTPHYIAKLQTLAMIKSTSHPRERGCVGTYMNKRIINYQACSNRNPEQRCAKRVNRLMRFIMSKPFVYDVHTLSCVVDYMVFQKWAAMVGVIWMKKAKQHSQDNSCRQPDNQ,8.14,13307,Structural,1997,ryan
RDON,QYSAVVYDMYHTLWMLDTFVFWTEMSHWSETWMSHGGRTCNDNCPLDKNENGASVINLHDLRHGNKCPHCDNAHTLSKKRMWPINITTTVCTFMPRPPNNQINWNAGKVHFKVQLMQYEFPGWIAQHGPPSAHHSDSWQRNEWHEFTQNRSSIIHYKMWTKVWCM,7.92,13757,Defense,1988,aaron
DPZV,KIIIDQIREMVVLVVWKDVLINGFSMLETPDQCEWVINHLQLPCCMNNMFSPIRFHRTFKTCELHFSCRVGIPICVHNHDIGFNYITNMIWFHWPRCDSKTWRMEQVATPAYGLRHK,8.08,16515,Motor,1995,daniel
FBQW,AWPNPCGWQMQRTMITQWHVEYSELRKTPDCHILENEFVSKLCINIEVIAQPCNINRIMMFLNNGYKEGGLMYMGSPQDATMQFTLCQRNATRQNAGRRCYAMRIPTKSPHSQKTACHEWFCCCQPKKIGGMCYRSVECNFMKGFELILNTYSCLPSGSSDCRGQSKGIAAYCD,8.28,15255,Enzymatic,1978,daniel
FXFE,GKHWAHGVMIHVHLCAYPNVIRWPMAIRYWFKRDPTYYLVNAHISDSLHTMGRRKQFPCAYQASTWWCTGRVDDWHMHYHCVMNCEIVKGNCPLASVFFYQLFASF,8.81,16939,Receptor,2000,kyle
XOQF,YFYLLGWFICWCMNRHVSANPQMGKRKSHFWIYSNNRDNLHWCTWHKSNSPLSFAMRKYHSRCSGHQWAVGSMIFWNSIDITFMYQFCPIAICPPQMHHIRPSNGVYEADLENSYVHMTAPNNKVWKYPQCFGVRPALEVHHCKYSQHSSYAMHSVMCDIHALFYWYDPDYWQTKE,8.48,15603,Enzymatic,1975,kyle
WRWH,CAVDRNTGSKHWLMRTDPKTAFSTLRRKVYEWKEPTVVMRRLKEDGGYKGGGKNHKCDFVACGTEKEEYCWCRLPIRLMNPDAMKYQITNKTEMATNSVKNNVQIDEAGVIPLKEWCSEGCTHSMRYHIYQQKRAMDFNGMER,9.07,17207,Receptor,1977,ryan
KVSJ,IKQEFCPHEWKIMNNHKFFLMWSVSKRPSDREEVWVPPVVYPNPPKCKPTDPLRPKTGIRNVMRSEDFENPTPFMYSAEDQLVYAGSCCEDGCWWVNAVHHKEKNQVTITTSRQSKVFAHLVIAVGKWSMSPRWSSE,8.49,19237,Motor,1986,aaron
YMOZ,EYRQVHALYHREMPPNRTARPCKVEKWQAKCRLKNFSIFGPLVQFASRVCWYGHFAQRAGKFIQDAPAMRGMDFQCECQETSQTPQFNYRGFHESAAMDMEPIYWESPRHPRSSKSQFKWGKNLPPDWWEDMRFVRQH,9.54,10578,Signaling,1983,scott
NJXP,FPVFQREEFMVCDRWTSENARSLIYSNQGLMDHTLDWKTKSGEIQDSGMNECCESWCISKYVWDVSSQLPYCHLCPIANPVPFEEHYDAMVGTCMTLNLKHHWYDASPRRHDGAMCQMWLWMEYSLHCWGDQLKQLWPRCFCNVCSASMHIWCVPSDYNMMLTFWRMSPRGKKFTMLQFVLMKIYQNLW,6.68,14088,Transport,1975,scott
RNLP,RNNERKAYEKNRETEDNAVQSLVRWDFIVDRFCRCLTCLVHVRKGTELFHEKDRFLDRGYWKVRIITDMPQWIVYSIGFRYDTLYILDGPQSWMNWAVRYVRYYRGRDDWATGEVPSHDVYMTYGKAWWASLQSRTEWILHQAI,8.76,16459,Signaling,1973,aaron
WZUJ,RAGEALLGCQNNLIKDNHWVFKMKQCWNHCHVCSCSPKCQVDDAYGNRTHLVDMNLHSVSFGYAWNYSCTIKCKVIGKMYRTQAFISKMPQYMIFMEDNSIGTVYVSMMMNTDAFWAYQHGQNILLYPWGCCITHPVQRPFNYAMLSKSSKQTFHNEQIGAAPCHWQQMVWPTKSCGN,8.42,19329,Structural,2002,kyle
GLLV,THEIFTFPMHPMSCIVTWWLCYDSNHLMFNMHLHIWQICWNWNTFLRSQGRCYQDYCLQCQRALSERQPKFGFAHGSGRMGSQQAGLDEKFSDVLRTMAHHSAPPPKYYTNTIPWKSPIHSYRNWYCFIGLDGFDKPKMQSK,8.68,12871,Signaling,1974,kyle
NSJD,NNKMLFYTSLWHKEVITLETDNDMDFMPRMSKLRHRSAFYTPTSYDFNIQIYTNNVYVITADSDPEWLWWPSTGAHQHPVAICPNTSHYHDTLTWMYMAMEDEKMFNIRFFICITKYRAYLIKIPYEVIH,6.62,16980,Defense,1979,ryan
BVLO,IPEQCPFKRAQFWKNRTKSWFHNVFDVNRSVQEVKDCDQPAQCVDPFRCAWEITHAKQMRSLIEAVHWAYTMCATGCNSVLWWRYPTHKLKYLEVITYVCQSREDCAHA,8.22,16731,Transport,2005,ryan
XOBZ,GQNVELQYNVAQLEDKMPTKWFFGHLPNQWFNTGKMRGIKVENRGPLLEVRTRRKPFPLSSDKCEYINPLLCEEMKLKAPACWGTWRSSWVQWPSSFWSICGSPITKSHVDRPTPKQCHHWFGWKDGLIWYMSLIFHDWAQEGSF,9.03,11948,Signaling,1987,aaron
ZZDX,KKAYDEHAELRLEDQRDDGHRMEKDMMQLEHIDHVWMIVKKEVTPDMGPYAERAEYEISLFRLANKGWCHHPDSTTFHTVAEMMENHNNAKDFIYLPVPNSSDEIQNECIETMSLHHYPANCSDWCAFTQRFPFCCRGN,5.22,16398,Defense,1999,aaron
MAAQ,VLNTCPAKAVHEEHHYGKNYKEQATSAVQNHNFDPQCCIAFMCNVWPLPACDMFEPCRAIFACWKEKRPNPDNRCYADRYAIEQWCIAWARNCVGFGQKFEMTKERRLHQFAARHDPYAQTKCPAKYNPKKFMGFHFPASDYKLQRNNLDYIQCWFHRLPNYTTSAGMHAIAYCDWAFHVHTMKMNGH,8.49,11585,Receptor,1995,scott
YGCP,SPEFIPLFYLRRAFPFKEQQEDFFVDGAWWMMWSCVNQYNRWPKEGIQQVKVQVTKAMFQQLSAWIDEHSLEQCCGINGMPRPYEFEYYFYLMMSKRFPTCDYLHQFRPIN,6.5,12610,Defense,2005,ryan
SPJL,DCGSWVMPHFQSGKGLNDIVADCHKVELALPDYLMVTDFIFYFRDGKMFRNFHSCAAYCWPRPYYNTWVHPVIAQRLNEDHMWYHRSNEMVYYSPKCSNRLFFEGNDHINIWMAIRCSITQ,7.15,18173,Enzymatic,1997,scott
TRCE,WPACFPVKKEYGMDNNEYEFQIEEPSRQWLRINSEPWHQSNMDCYVRHCQLNGKGGIPLYFFPRDHCWWGEWMLKPERQSPFRLVVRLGWEDWHRIWNALPCKWRFITAFNHGPCVKDRDQFIVNNVCHNTDATAIRCIQLCLPSWSDCNWPRTDRPKPYPEHYWYGLPPYGP,7.67,17821,Structural,1980,scott
ANQE,AQENRCMVSLILKETKTTLEIIDIVQNNWVGIMYERFSTNYPVGYDDHCKVGPRQLNSNSRLRSNVYFASYRVGQPLTLTNPWQAASKKPYWFRRHMDCVEIHIMWGGPMAQEEMGMSSNCQNEWRHYQYRQKLKFEHFNFGTYPKKGHFSWGNSYQDKKIHASLFSPFVRCRFHTIDKQI,9.65,12131,Sensory,1988,ryan
ZOJA,QNTRMCQRHATWPHMLSFFYHNKENIWHMQPEYAMYHAADIHSLIMERAFHESWCCKKYDGYHNQLYPTFNSMIHAGASLDTHVWHLRSHGTRWTKVMCVFKEQLFMEHCTLSHVKLICWVWYGEEFSMWAPTTWMLRHDSEMKMWAMWERLGQVTMWREVWMKCRF,8.11,14259,Enzymatic,1971,daniel
PIFR,CGSHCAWGSIGIWAVMADCYMAGLDRRLEFLQCCKCNFAVVETPPCNLGHHWTDNDACCDVQRNVAEMIPIGNEYQCMTVYLNTCMLRRGCWHWVMDFSPYIRMYASKCSVHHCCHCCWQLDLRLMYCEEDLTNAHIIYCWYWQHSIDFKHYTIDSVVNERLQYMHKQCSYPQFH,6.61,17400,Structural,2000,aaron
FDDM,WCPGYEILGMNQKYFVCNVYFPMNAMISQGNQVMRHPDGVEHQFKRVGLFLASMANKKGQSPCALSQVWEEASAMCGVKYMRCMTNLGMYTNTRDLCQDTPALCGLESVSSMAHPPIKDHCVQYIDDFWNAATSCKKAEQTPHTNCNHGIRMDPKSPKSCQKYWSSSC,8,13151,Defense,1992,aaron
HORZ,LSCAPEGAGTRDHWACAVETKAGHWCCQKQGDRCDSKDMELTHYPASENCETEFVIHSNLARHAIWRCFCFTGVEPMIPTIVCGALWHCPGSANCIGGITVLMWLIHQGCTYRQARTRVYVFVYWYSEPSGEAWWYGGWKNKAVYHFPRDMEGLT,6.9,15939,Motor,1976,ryan
ROGP,WLYDHNPICHTHMVAHCACKNRWIAMGFGEYYYHNGLLQYHDRVPGMKMLGMYRISMHNTSARVLWLCWFYPPENVVYPFVSRTYEAWVQPRGLDHRNIWWHPYMMWFYITPFITVVCRCWMELVTGCNFWWIWSKRNCEGGYILVHWFDIWRCVENDVTC,7.93,19411,Structural,2002,ryan
RHQC,YTASWLFSAVHLKYCASEWIHYNGAPSPWKSKNGEMWQGIKGNAHPRFVMDVYCWVPMPNPVYHCTHDMMNIWHYRSNYQMNPCHSFWLQWCKCPMHFTMQYAQIFRIQTDKPHLKEFAHNLFEPYYF,8.37,13281,Receptor,1970,ryan
SPEB,GSSFDLPNQLNFDGPFGISCSMLPHTRDRCGHTIWWEPYVVNHHSVLWWIYTCIQSEAEGILRRNPWFITGFLSEMDRVHQDEMQLDQDNMEHKLHRGEANTGRREQIC,5.83,18507,Enzymatic,1982,scott
FGMA,SMKKLGDNCVETKTTYQISCLACFRILIDKICDMKFIKEAWYRQDHNSGNLKLRYSGWIRWPYMIAMYCNISDSGMYWLMQPNRRYFNFTQKRCNNVIWNSDKCFSGSFETLGTSNKWKKGLEGTWFVMCMIAGWNDWHELYHGAS,8.9,15447,Enzymatic,2006,scott
CSUK,CYDHSNHDIFQIAVMYPIERHNWGAFHIKFLKPKMDAIMDRSYPFEDETRTMMCQNRTHNFYKTNSSIQIYCTNAFDDFPIDFLTWYICINDRLINCNKYLPVGNKTLCFVWNFMLEAVEWQCTQSDQMWIRKSCSDQGCRHELLCAGYVWDNQRCINAGHIWGCWQGITQYFSDHAFE,6.28,16636,Sensory,1981,kyle
SMVK,PAEREATKLWQMWFYRMYLGDMDSTYFMRCGYVNFIKEMMYMWDGMCAYGAASKRRWICGQCLQLHFSAHIGEWHKPVHDFFPPDQNGRKMRAEQPRKMVVHAIWFPYNLGWRAFFLSNDEQ,8.62,13351,Enzymatic,1992,ryan
UFZC,DGICCFCWLKCCLCSAAKMDQHIPMPLFHQPGHADIMTHAEYKKARDEAGQIYLDPWPKLNKHCWWTIAEHCNKYGTWFKKEMRVCHWWHMWCYYPLGFDCFCSVNQQMSYVRAVTYGCMHVMKFKVCFDTHDIGWAWRWYNCNLM,7.92,17783,Structural,1975,daniel
LWXA,CRFRHNNMHYITKFRSREGPQPIRRSSCMHFQNPNTGSFPSITDATDKYEPYSQHLKKAMGWAAEDFWLCHEKFYWYQAEKCQQPSKTEMCTSAQYHTWWDQAFWHQRHKKELSRNKPELMTKYVMLLQAHNHDNECFIQHIHPAVEVVDQPLGEQPRFEWTPGDITGFTYWEVRN,7.91,13357,Transport,1991,daniel
RZRD,PKAYSLNADHMPAKLDWQDEHILENWWDFYQEKPHWSIWETWRLIHGQGTHCGWCERSSYMVQENGNQNFGHIWILHVTPIKSTIRYPIDTAFVFTKSHNERDPIVSIHFWRYRHRDLSRIHTYWGSLCMVMKPHHGRQIQHESQPRKKMMAAQFTCCWNCECTFCLC,8,12022,Receptor,1999,daniel
YJDS,AMNEDYMVVKCRKDNDCERCHNRDTYKYITPMMFDMPWAQMTPFQDRTLYVAFSPYLYHEGFIDTMHWVIIGCSKMHHWFTSHKTPYTYENSHPYVQLTFSCTAIMSYCNLNRSIME,6.86,15595,Sensory,1999,scott
DFPO,YITMEWMCWKYGRCYVMTPAPFEQPHDFVCERFSFQNKWFIWWWFWTNCPYNAGVCCLYTFYCFQWPQLMWRVRLWTGMTKAIEQNRETHRKMAVKMDKTDLMMTTDVWRHWYNCMIVGDSHIRLEHYRYCMTSMRHWHIVNHPACFLTQNFTGASAKRLHCWYTSRNI,8.74,19042,Structural,1997,kyle
HKMH,AQMWNSTKTIPTRWSWRPCLWCDLRFRLNYNGTELSYLNNREVMHMRGSFWIIHWSDRTIFQIWQGATQAVLMRIMEKNHKPPIRMYGGPKTPFISTREAKEASPQWGVCLMVGWYKVTFIFHKHNTVMPTDERTQFVPPSLGNDVTQSLDTEMKYTIQKLYSEHGQWLKEMCRWYE,9.62,14848,Structural,1972,aaron
GYWN,YFLYICFDCWPNFTMVSDELKDPMFLRTEAPPPIHFGMNAVRWACDMKTQPASAHSYWEYDTYDNAGCHVKNRCKLEFHIYIAYQPVPAFPLGDWNNPYDSGNWSKVLHYIEHSAFTAWHRFCSCRSWGHGKSCFLQDNSSHENDIRMNDQNWINNDGMPTRNVLYLCRIQMWRFMGRKSADSDNEPERKGYLHYPEEM,6.5,16381,Defense,1997,scott
AJCW,TLSRTWPFEVWECENLNGRHNVQRIQTDMNQHAVHKTENFPEHQHQAFPALIKTMWDFMIRLADMHEETLPWEHFWLAMNQNHMMWTDQLHNMFKDECPARSTDEMDNNSQNRINVNGKPKRYENMCKWLKQQMRKEEQVFPRKCERNLMRWFVHVTLAFHKEMDATHHKFTRKAW,8.07,15475,Enzymatic,1972,scott
HMBH,PMQDNPPCFLRHHHDHMPVYCTRYKYIIDNQLACIGIEQTVMHRYHKYYHYGNQDYKHMDEERLCKHCYSYGGNYMHAVNQLLPCVGFAKTRMDKPKWWGAGVNILVAGLILHITPPQQCDPCGVTPCLCRLDMNVLHEFVG,7.74,16620,Structural,1983,kyle
RIWJ,EKMDEDKDMTSINIVGTGTDQAMESIPQFDKWFETYKHTTYEMWCYNVRYTSIFFCYQGSHEIICWSWFASGLACRHSRWQPEPQTGVMKACAAGFSNMQNEQRNHCIIMSNELIPVPNHITERAKGIFLEENPPRHDKWKYLATWYLKFFAACWQACRKRSTYQIAKSHQSNCTLECENFWWVTCEYWHADNATSNM,6.69,17289,Structural,1984,kyle
SUPJ,TGQASVYWCWTRNCRPQGNMRHAHFKYEQNPMYQILLGECCDMYQLKNSMGSCCSGGYGCAMKRNDNSSKDVNWHYSNRNVTLFSYHFLRDMAADMKKSNHSGDHHFQTWMCTECCNWQCSHEFHKYRFSGCGVFCHQEQCRWFIYTPTVLFCKGVLFPWIMMRIGWWKASSMVVPKKCLPCEPEFASKP,8.4,18251,Transport,1986,ryan
LDOV,RAVNSCPRCKFGYHCNEGYSTGREWQVDEDGESHNISRILLMSCWQSQGCKEIAGPVFEICKTRCGMLQSGDWHEDKWGLKFTAMRTSAGLRSAQVTFVLPCAKTGGRSDNRESWKPS,8.21,15034,Sensory,1980,scott
UMWV,WNQGYWWTQMCDCPSATEHTANPCACWYWPNQKALYISCCGYKYIKCHTTFMTIQSGRGFAVYMIYMCCTKRACHRLTPHAHNRRIIRFPKGHKDHAVIKVADVEMMMRCCKGYFKTWLVIKKIEDMIAVRKGDIAED,8.92,10016,Signaling,1991,kyle
AUOD,LYKMNHIRHIPPRVNMRDMCCHFQFNRNMKNYEDRLHGYDWRRLLIFIPCYEYSTREEYAQQHTQSHYYKDFCIQNGNSCHMGHMWALGAEDIYTKMCCS,8.07,10570,Receptor,1972,aaron
KUQT,FFDIPMPVACIPWLYQACEMSIDWADMRCGGSKRPQNFSERKMVPRNEMTRASTFDLEILVFPFTFNTTMDQIALDWDDYAGHHQQASGLSWDCEHWVNAYQIAMPKSELQGRKIMCEQLFGHQTQDCPNEYANAPYHSKPEIWD,4.6,16647,Structural,1993,ryan
ORSL,GKWDDQKGRDCGQYLSPTLSSHWKNHLLIAYFQGSHTSEHAGCQMSRWRVYGRWWYFQAPTAYACKRYDRYVKRPGCKVQQMIINKMILTSIPLKAIDNRPDPVAVTVNIPNGPGCLHYFYMHQQHEALFYAHYMDYIIDPFQANMNVNGLREHNRPHMKFSII,9.46,11405,Structural,1981,daniel
FJAB,SYEQGDPQQYNDTSVSLHLTWIVDTIHYFTYRINLLTPGCYEGTQQPYFFMSSCREYRLYSSMIAAPPEIVTREWMNNWLPLCACNQCACKPCIIDMWTEKVFCFTPIQIDSCVDCLKEWPIPRWCKMTPVCQMYPTAGHHWYLASLCECMAKYKNEMGHCRMKLVIMAHGLCWIWKDARPGGMNYMGATICMYDQ,6.72,13242,Sensory,1977,kyle
CWWA,RSPIFLRKEFWPAHMQRKCVDYQFNMCDVPTDLSRNWYQEGFQCQMDYHPCQVWFDIRQRQYMKTFCEGIHNCYKLKNQLIEPCILCFNYMTKEYIASGMHYKYQRRAEDKGPTKRCHRQILDHWKKYVNISPPNKPTWHHDGYQENSFWEMPRNWPNRPLDRDFTMVPAGGLFWQDCRKITC,8.73,16714,Transport,1980,kyle
PNAR,PDWERDELMNAFLWRRDSFLRICPYVQTSVHICTFQSMEVYKVGSKKVSYLSKEICYNGRTHPMFKIFCPQKLFKILWYQHGATIMYYQHHMCDDLWQFCNWSAMVCWFAFACAFIGWDRFLGSQFQGLRMCCPCLKADLHAEEPGHDIFNVNMK,7.87,19809,Motor,2004,scott
GKXB,HISITDWGFFMMCRAVCNYTVMRMDKAKQCWLFFWEKVQETPQIVYGHVPSLYLKTGDECDEAISRVKCSGESMAEQMFECMMMIGMDNRWHFNNLFTFWVTDDGIPQIQISIAAKFHAHISIDYYKFLLKIVTEHHHCVMEPSKNYMRKTETCGDQV,6.49,18211,Sensory,2000,daniel
UGTE,FPKNCDASCRFMTAYKYFQMPHNRHDTAKISALQEYLHMRSHDNFGIGVIWEIGRCMLPAGVCSQFRLSARLRCTEEVHRPHRRKILNCAEAFKPTCGTVEYMVHQDCKTVFRFQYYNDTNYEPPATLLARWDHSSSRFCQQKHRMYAESWRCAWQFYCGLFPLPRLFWLNWIYLTGWFNN,8.87,19676,Motor,1976,aaron
GMRO,NWWEPFMRFVNEDPMAMEIRVSCNEPGVGSGQNIGEVDCWDECFVTMLNDQHFIIGFPAAEFPWMSDFGGAIRMWFKLNHRWTDHYFMVAMEDDMLKQRDFYNPDWGAMSSNKKVGTLHFRLPQSPQWAQRCIVPNPRAKKFVC,5.6,12257,Structural,1999,daniel
ZLBU,GRDCTVHKIVEFLFMWTMPIWRHLLRERPMSKAGRWKWYNMARFPLPTRPGMAKAQFMPPFQTTCPFDKSEYFMWWASTVGIAAEDKIGSDYDCHEDCHVWKCEHIYHPDQWSSQCQTKANDSTKQSIDKFSQTNTCPKTCDSCIQNHWDVQFGWFSHFRFICNILLVMIAKESTVHKQEDGKVKQNY,8.11,10518,Signaling,1975,ryan
XCGI,MPYSDSGDHRWKYCDNHWEWCKNHMVDHCLSMAATWHLAMDSDECQRCWFMKWWPRKIDCKVVWECLYHQPYWFFHGWCEYVLKWDSNESEYGSACTQVVSDTKYPFDDEFFEWEMHGVRIGMMASKRFIKRYCISDYMDLMVARKMILGSIQWLGLDLNDKLPFMSRHLILPTKTHKKIDRKEPNPAFRCVHIA,7.26,14427,Defense,1993,daniel
YLCR,WEPLEFVYMRVRACAKYSGQELRESFPDENFKAKHHGCPVNEGQIVWYCSLACPPGDIPMVSFLGHAHSKDFAGCVDSSTSTVLKFGEWAEYINAGMWYR,6.07,15664,Defense,2009,kyle
TSRY,PCHFYTNSNYPRPKSEECYQTGETFWQPEVPFLSNSWCKEYKIYDADWQGEMALFGYKAAIGLDDRLVIVHRFMHEWGMFPIGWFNMVRPWECLSLAESNICHGVCYHRHLKYGQAAFLRHLWSNDTDTYCKMLDIAAYHDCYFDEQTDSLG,5.47,13375,Motor,1980,kyle
